Edge_ID,u,Location Name,v,Dst Name,length,availability,capacity
1,2,Frankfurt,1,Hannover,266.4989182,0.973700785,1000
2,3,Hamburg,1,Hannover,129.8245491,0.987100813,1000
3,5,Bremen,1,Hannover,102.0754781,0.989843867,1000
4,6,Berlin,1,Hannover,244.3400318,0.975860898,1000
5,14,Dortmund,1,Hannover,186.6845931,0.981503801,1000
6,15,Dusseldorf,2,Frankfurt,183.1084107,0.981854885,1000
7,2,Frankfurt,3,Hamburg,394.6629306,0.961300459,1000
8,5,Bremen,3,Hamburg,96.43141357,0.990402727,1000
9,6,Berlin,3,Hamburg,253.3300534,0.974983948,1000
10,5,Bremen,4,Norden,120.3557407,0.988035969,1000
11,14,Dortmund,4,Norden,233.1126828,0.976957202,1000
12,2,Frankfurt,7,Munich,304.1491396,0.97004149,1000
13,6,Berlin,7,Munich,505.0924357,0.950742739,1000
14,7,Munich,8,Ulm,120.7426182,0.987997743,1000
15,10,Stuttgart,8,Ulm,73.78923875,0.992647867,1000
16,2,Frankfurt,9,Nuernberg,187.5341606,0.981420415,1000
17,7,Munich,9,Nuernberg,151.1020472,0.985002637,1000
18,17,Leipzig,9,Nuernberg,229.4648145,0.977313665,1000
19,9,Nuernberg,10,Stuttgart,163.6380571,0.983768549,1000
20,11,Karlsruhe,10,Stuttgart,60.54772436,0.99396322,1000
21,2,Frankfurt,12,Mannheim,69.04842026,0.993118599,1000
22,11,Karlsruhe,12,Mannheim,53.68849059,0.99464527,1000
23,14,Dortmund,13,Essen,34.14303896,0.996591348,1000
24,15,Dusseldorf,13,Essen,27.90792174,0.997212959,1000
25,2,Frankfurt,16,Koeln,148.6307187,0.985246106,1000
26,14,Dortmund,16,Koeln,73.31881697,0.992694567,1000
27,15,Dusseldorf,16,Koeln,38.03170798,0.996203863,1000
28,1,Hannover,17,Leipzig,212.1487358,0.97900754,1000
29,2,Frankfurt,17,Leipzig,295.2914545,0.970901146,1000
30,6,Berlin,17,Leipzig,148.68126,0.985241126,1000
31,18,Calais,22,Arras,97.50466502,0.990296432,1000
32,18,Calais,24,Strasbourg,498.1846322,0.951399753,1000
33,20,Paris,19,Orleans,110.5208633,0.989008217,1000
34,21,Chalons-en-Champagne,19,Orleans,215.7806595,0.978652019,1000
35,21,Chalons-en-Champagne,20,Paris,147.4137833,0.985366018,1000
36,21,Chalons-en-Champagne,22,Arras,187.0415858,0.981468761,1000
37,21,Chalons-en-Champagne,23,Bar-le-Duc,62.21498556,0.993797506,1000
38,23,Bar-le-Duc,22,Arras,241.4693738,0.976141089,1000
39,23,Bar-le-Duc,24,Strasbourg,191.3319275,0.981047746,1000
40,26,Lorient,25,Brest,109.4961488,0.989109572,1000
41,27,Limoges,28,Poitiers,148.7088122,0.985238412,1000
42,27,Limoges,29,Bayonne,338.0739639,0.966756053,1000
43,27,Limoges,30,Agen,188.0981883,0.981365059,1000
44,27,Limoges,31,Grenoble,354.7000099,0.965149976,1000
45,27,Limoges,32,Tours,178.843593,0.982273738,1000
46,28,Poitiers,24,Strasbourg,645.8891374,0.93744973,1000
47,28,Poitiers,25,Brest,371.072394,0.963571009,1000
48,28,Poitiers,26,Lorient,263.4069839,0.974001909,1000
49,29,Bayonne,30,Agen,185.2639053,0.981643259,1000
50,31,Grenoble,29,Bayonne,601.985096,0.941574769,1000
51,32,Tours,18,Calais,404.8750054,0.960319224,1000
52,32,Tours,24,Strasbourg,541.6285274,0.947275262,1000
53,33,Bordeaux,35,Marseille,504.7037206,0.950779698,1000
54,33,Bordeaux,20,Paris,497.0360316,0.951509043,1000
55,34,Lyon,35,Marseille,273.572989,0.973012192,1000
56,34,Lyon,20,Paris,394.0858988,0.961355933,1000
57,34,Lyon,27,Limoges,277.0501678,0.9726739,1000
58,20,Paris,24,Strasbourg,397.2331636,0.961053402,1000
59,36,Milan,37,Turin,124.7098859,0.987605836,1000
60,36,Milan,38,Genoa,119.6305542,0.988107626,1000
61,37,Turin,38,Genoa,124.305764,0.98764575,1000
62,38,Genoa,39,Bologna,191.4390605,0.981037236,1000
63,38,Genoa,40,Florence,198.3240088,0.980361995,1000
64,39,Bologna,40,Florence,80.64897168,0.991967137,1000
65,40,Florence,41,Rome,233.5612215,0.97691338,1000
66,43,Palermo,41,Rome,424.3088765,0.958454671,1000
67,41,Rome,42,Naples,186.7531272,0.981497074,1000
68,42,Naples,43,Palermo,311.4351268,0.969334941,1000
69,45,Pisa,40,Florence,68.8852384,0.993134806,1000
70,45,Pisa,38,Genoa,140.0579861,0.986091136,1000
71,45,Pisa,41,Rome,266.5616024,0.973694682,1000
72,46,Verona,36,Milan,142.2178719,0.985878164,1000
73,46,Verona,39,Bologna,108.5968878,0.989198528,1000
74,48,Ancona,40,Florence,182.707062,0.981894294,1000
75,48,Ancona,47,Pescara,140.1171812,0.986085298,1000
76,48,Ancona,39,Bologna,199.2220569,0.980273954,1000
77,47,Pescara,42,Naples,181.3771874,0.982024889,1000
78,47,Pescara,41,Rome,155.4858391,0.984570906,1000
79,44,Cagliari,41,Rome,411.5415811,0.959679201,1000
80,44,Cagliari,43,Palermo,387.1862258,0.9620195,1000
81,49,Pamplona,51,Murguia,92.58888385,0.990783384,1000
82,49,Pamplona,53,Zaragoza,143.3569973,0.985765861,1000
83,50,Logrono,58,Valladolid,208.3966647,0.979374958,1000
84,50,Logrono,53,Zaragoza,157.8215526,0.984340954,1000
85,51,Murguia,55,Santiago de Compostela,472.2273518,0.95387266,1000
86,51,Murguia,57,Madrid,297.5179436,0.970684989,1000
87,52,Valencia,56,Sevilla,541.0061174,0.947334226,1000
88,52,Valencia,57,Madrid,302.0722279,0.97024299,1000
89,52,Valencia,54,Barcelona,302.9575252,0.970157095,1000
90,53,Zaragoza,57,Madrid,273.7453326,0.972995422,1000
91,53,Zaragoza,54,Barcelona,254.8345384,0.974837266,1000
92,54,Barcelona,57,Madrid,504.0428826,0.950842535,1000
93,55,Santiago de Compostela,57,Madrid,486.9115626,0.952472931,1000
94,55,Santiago de Compostela,58,Valladolid,343.5199264,0.966229679,1000
95,56,Sevilla,57,Madrid,391.8005988,0.961575668,1000
96,56,Sevilla,54,Barcelona,829.7499765,0.92037034,1000
97,57,Madrid,58,Valladolid,161.3203217,0.983996598,1000
98,59,Lausanne (EPFL),60,Bern,78.18769182,0.99221133,1000
99,59,Lausanne (EPFL),61,Zurich (ETH),173.2990274,0.982818545,1000
100,64,Geneva,59,Lausanne (EPFL),51.49912828,0.994863069,1000
101,59,Lausanne (EPFL),62,Manno,184.232238,0.981744542,1000
102,59,Lausanne (EPFL),63,Neuchatel,56.88872977,0.994326995,1000
103,60,Bern,65,Basel,68.87830575,0.993135494,1000
104,60,Bern,62,Manno,152.3658584,0.984878153,1000
105,65,Basel,61,Zurich (ETH),74.3956231,0.992587673,1000
106,61,Zurich (ETH),62,Manno,152.8036586,0.984835034,1000
107,61,Zurich (ETH),63,Neuchatel,129.1989896,0.987162567,1000
108,61,Zurich (ETH),60,Bern,95.41395475,0.990503507,1000
109,20,Paris,15,Dusseldorf,412.3358837,0.959602973,1000
110,24,Strasbourg,2,Frankfurt,181.6811191,0.981995041,1000
111,24,Strasbourg,61,Zurich (ETH),146.1497088,0.985490589,1000
112,7,Munich,36,Milan,347.6050017,0.965835028,1000
113,36,Milan,62,Manno,64.93917464,0.9935268,1000
114,64,Geneva,34,Lyon,114.3307173,0.988631472,1000
115,31,Grenoble,37,Turin,153.9311312,0.984723997,1000
116,35,Marseille,41,Rome,604.4482154,0.941342864,1000
117,35,Marseille,54,Barcelona,338.6329147,0.966702015,1000
118,57,Madrid,33,Bordeaux,555.0544077,0.946004251,1000
119,49,Pamplona,29,Bayonne,75.76605036,0.992451649,1000
120,20,Paris,2,Frankfurt,477.1471871,0.953403462,1000
121,18,Calais,15,Dusseldorf,344.9617766,0.966090366,1000
122,7,Munich,61,Zurich (ETH),241.4077645,0.976147103,1000
