id,name,domain,border,node_prob
1,Border Node 1,1,TRUE,1
2,Border Node 2,1,TRUE,1
3,Border Node 3,1,TRUE,1
4,Border Node 4,2,TRUE,1
5,Border Node 5,2,TRUE,1
6,Border Node 6,2,TRUE,1
7,Border Node 7,3,TRUE,1
8,Border Node 8,3,TRUE,1
9,Border Node 9,3,TRUE,1
10,Border Node 10,4,TRUE,1
11,Border Node 11,4,TRUE,1
12,Border Node 12,4,TRUE,1
13,Border Node 13,5,TRUE,1
14,Border Node 14,5,TRUE,1
15,Border Node 15,5,TRUE,1
16,Internal Node 16,1,FALSE,1
17,Internal Node 17,1,FALSE,1
18,Internal Node 18,1,FALSE,1
19,Internal Node 19,1,FALSE,1
20,Internal Node 20,1,FALSE,1
21,Internal Node 21,1,FALSE,1
22,Internal Node 22,2,FALSE,1
23,Internal Node 23,2,FALSE,1
24,Internal Node 24,2,FALSE,1
25,Internal Node 25,2,FALSE,1
26,Internal Node 26,2,FALSE,1
27,Internal Node 27,2,FALSE,1
28,Internal Node 28,2,FALSE,1
29,Internal Node 29,2,FALSE,1
30,Internal Node 30,3,FALSE,1
31,Internal Node 31,3,FALSE,1
32,Internal Node 32,3,FALSE,1
33,Internal Node 33,3,FALSE,1
34,Internal Node 34,3,FALSE,1
35,Internal Node 35,3,FALSE,1
36,Internal Node 36,3,FALSE,1
37,Internal Node 37,4,FALSE,1
38,Internal Node 38,4,FALSE,1
39,Internal Node 39,4,FALSE,1
40,Internal Node 40,4,FALSE,1
41,Internal Node 41,4,FALSE,1
42,Internal Node 42,4,FALSE,1
43,Internal Node 43,4,FALSE,1
44,Internal Node 44,5,FALSE,1
45,Internal Node 45,5,FALSE,1
46,Internal Node 46,5,FALSE,1
47,Internal Node 47,5,FALSE,1
48,Internal Node 48,5,FALSE,1
49,Internal Node 49,5,FALSE,1
50,Internal Node 50,5,FALSE,1
