Edge_ID,u,Src_Name,v,Dst_Name,length,availability,capacity
1,2,Frankfurt,1,Hannover,266.4989182,0.973700785,600
2,3,Hamburg,1,Hannover,129.8245491,0.987100813,601
3,5,Bremen,1,Hannover,102.0754781,0.989843867,602
4,6,Berlin,1,Hannover,244.3400318,0.975860898,603
5,14,Dortmund,1,Hannover,186.6845931,0.981503801,604
6,15,Dusseldorf,2,Frankfurt,183.1084107,0.981854885,605
7,2,Frankfurt,3,Hamburg,394.6629306,0.961300459,606
8,5,Bremen,3,Hamburg,96.43141357,0.990402727,607
9,6,Berlin,3,Hamburg,253.3300534,0.974983948,608
10,5,Bremen,4,Norden,120.3557407,0.988035969,609
11,14,Dortmund,4,Norden,233.1126828,0.976957202,610
12,2,Frankfurt,7,Munich,304.1491396,0.97004149,611
13,6,Berlin,7,Munich,505.0924357,0.950742739,612
14,7,Munich,8,Ulm,120.7426182,0.987997743,613
15,10,Stuttgart,8,Ulm,73.78923875,0.992647867,614
16,2,Frankfurt,9,Nuernberg,187.5341606,0.981420415,615
17,7,Munich,9,Nuernberg,151.1020472,0.985002637,616
18,17,Leipzig,9,Nuernberg,229.4648145,0.977313665,617
19,9,Nuernberg,10,Stuttgart,163.6380571,0.983768549,618
20,11,Karlsruhe,10,Stuttgart,60.54772436,0.99396322,619
21,2,Frankfurt,12,Mannheim,69.04842026,0.993118599,620
22,11,Karlsruhe,12,Mannheim,53.68849059,0.99464527,621
23,14,Dortmund,13,Essen,34.14303896,0.996591348,622
24,15,Dusseldorf,13,Essen,27.90792174,0.997212959,623
25,2,Frankfurt,16,Koeln,148.6307187,0.985246106,624
26,14,Dortmund,16,Koeln,73.31881697,0.992694567,625
27,15,Dusseldorf,16,Koeln,38.03170798,0.996203863,626
28,1,Hannover,17,Leipzig,212.1487358,0.97900754,627
29,2,Frankfurt,17,Leipzig,295.2914545,0.970901146,628
30,6,Berlin,17,Leipzig,148.68126,0.985241126,629
31,18,Amsterdam,20,Den Haag,52.76047083,0.994737584,630
32,18,Amsterdam,25,Rotterdam,57.06579688,0.994309388,631
33,18,Amsterdam,26,Utrecht,34.09264656,0.99659637,632
34,18,Amsterdam,27,Zwolle,82.09870775,0.991823331,633
35,18,Amsterdam,23,Groningen,146.5494773,0.985451191,634
36,20,Den Haag,25,Rotterdam,20.25186039,0.997976762,635
37,25,Rotterdam,26,Utrecht,47.72473243,0.995238659,636
38,25,Rotterdam,21,Eindhoven,86.97146188,0.991340133,637
39,26,Utrecht,27,Zwolle,81.0894092,0.991923446,638
40,26,Utrecht,21,Eindhoven,76.14056219,0.992414479,639
41,26,Utrecht,19,Arnhem,54.43804893,0.994570715,640
42,23,Groningen,27,Zwolle,84.36963689,0.991598109,641
43,27,Zwolle,19,Arnhem,60.56768663,0.993961236,642
44,27,Zwolle,22,Enschede,63.68256081,0.993651662,643
45,19,Arnhem,22,Enschede,72.88856143,0.992737281,644
46,19,Arnhem,21,Eindhoven,67.32455984,0.993289822,645
47,19,Arnhem,24,Maastricht,126.9171635,0.987387857,646
48,21,Eindhoven,24,Maastricht,67.39188246,0.993283134,647
49,34,London,29,Bristol,171.1107718,0.983033645,648
50,34,London,37,Cambridge,79.46806892,0.992084291,649
51,34,London,28,Birmingham,162.6451996,0.983866233,650
52,29,Bristol,30,Cardiff,40.42625143,0.995965334,651
53,29,Bristol,28,Birmingham,123.6007832,0.987715383,652
54,30,Cardiff,28,Birmingham,141.2721075,0.985971414,653
55,28,Birmingham,37,Cambridge,140.8694023,0.986011122,654
56,28,Birmingham,35,Manchester,113.5103903,0.98871258,655
57,28,Birmingham,33,Leeds,148.465982,0.985262338,656
58,37,Cambridge,33,Leeds,209.1851567,0.979297734,657
59,33,Leeds,35,Manchester,58.20103478,0.994196511,658
60,33,Leeds,36,Newcastle,130.8899885,0.986995644,659
61,35,Manchester,36,Newcastle,171.1654924,0.983028265,660
62,35,Manchester,32,Glasgow,294.5152966,0.97097651,661
63,32,Glasgow,31,Edinburgh,66.96861428,0.99332518,662
64,33,Leeds,32,Glasgow,287.5428614,0.971653787,663
65,31,Edinburgh,36,Newcastle,147.3807538,0.985369272,664
66,38,Oslo,42,Drammen,35.974603,0.996408824,665
67,38,Oslo,41,Kristiansand,251.9338538,0.975120091,666
68,38,Oslo,43,Trondheim,391.4801569,0.961606483,667
69,38,Oslo,44,Alesund,376.117213,0.963085003,668
70,42,Drammen,39,Bergen,280.222518,0.972365367,669
71,41,Kristiansand,40,Stavanger,159.9939318,0.98412713,670
72,40,Stavanger,39,Bergen,159.7155641,0.984154527,671
73,39,Bergen,44,Alesund,235.579812,0.976716191,672
74,44,Alesund,43,Trondheim,239.3645574,0.97634658,673
75,43,Trondheim,45,Bodo,466.4948442,0.954419652,674
76,45,Bodo,46,Narvik,180.5882398,0.982102373,675
77,46,Narvik,47,Tromso,147.6925113,0.985338552,676
78,43,Trondheim,38,Oslo,391.4801569,0.961606483,677
79,39,Bergen,38,Oslo,305.0667134,0.969952482,678
80,48,Copenhagen,57,Holbaek,53.86416953,0.994627796,679
81,48,Copenhagen,50,Odense,140.6619394,0.986031579,680
82,57,Holbaek,50,Odense,90.62136958,0.990978351,681
83,57,Holbaek,49,Aarhus,105.460159,0.989508877,682
84,50,Odense,49,Aarhus,85.32310714,0.991503563,683
85,50,Odense,53,Vejle,63.95201622,0.993624886,684
86,50,Odense,55,Kolding,58.73014848,0.994143906,685
87,55,Kolding,53,Vejle,24.66570036,0.997536346,686
88,55,Kolding,52,Esbjerg,64.32980867,0.993587347,687
89,53,Vejle,52,Esbjerg,73.10674544,0.992715621,688
90,53,Vejle,56,Ringkobing,90.97247349,0.990943557,689
91,53,Vejle,58,Herning,58.91963346,0.994125067,690
92,53,Vejle,49,Aarhus,65.1380644,0.993507039,691
93,52,Esbjerg,56,Ringkobing,70.12490638,0.993011691,692
94,56,Ringkobing,58,Herning,45.60767293,0.99544939,693
95,58,Herning,49,Aarhus,76.57755316,0.992371111,694
96,58,Herning,54,Randers,74.77916151,0.992549603,695
97,58,Herning,51,Aalborg,117.3487835,0.988333127,696
98,54,Randers,51,Aalborg,65.82768087,0.993438524,697
99,54,Randers,49,Aarhus,35.46751149,0.996459354,698
100,32,Glasgow,4,Norden,776.4965856,0.925284944,699
101,34,London,18,Amsterdam,357.8615105,0.964844876,700
102,21,Eindhoven,15,Dusseldorf,93.98001321,0.990645556,701
103,24,Maastricht,2,Frankfurt,226.726571,0.977581328,702
104,23,Groningen,4,Norden,60.09316229,0.994008405,703
105,3,Hamburg,52,Esbjerg,236.2916722,0.976646662,704
106,6,Berlin,48,Copenhagen,355.1014077,0.965111234,705
107,48,Copenhagen,38,Oslo,483.3078616,0.952816253,706
