src_id,dst_id,lengths,inter_domain
1_1,1_2,266.498918222395,False
1_1,1_3,129.824549138215,False
1_1,1_5,102.075478115774,False
1_1,1_6,244.340031840376,False
1_1,1_14,186.684593080072,False
1_1,1_17,212.148735775317,False
1_2,1_15,183.10841072907,False
1_2,1_3,394.662930603521,False
1_2,1_7,304.149139609311,False
1_2,1_9,187.534160554616,False
1_2,1_12,69.0484202631884,False
1_2,1_16,148.630718713433,False
1_2,1_17,295.291454543076,False
1_2,2_24,181.68111908818,True
1_2,2_20,477.147187124951,True
1_3,1_5,96.4314135727881,False
1_3,1_6,253.330053387685,False
1_6,1_7,505.092435700466,False
1_6,1_17,148.681260019104,False
1_7,1_8,120.742618161443,False
1_7,1_9,151.102047241511,False
1_7,3_36,347.605001746788,True
1_7,5_61,241.407764511915,True
1_8,1_10,73.7892387546033,False
1_9,1_17,229.464814490452,False
1_9,1_10,163.638057111158,False
1_10,1_11,60.5477243636347,False
1_11,1_12,53.68849058592,False
1_13,1_14,34.1430389617937,False
1_13,1_15,27.9079217443073,False
1_14,1_16,73.3188169662432,False
1_15,1_16,38.0317079750438,False
1_15,2_20,412.335883673199,True
1_15,2_18,344.961776573658,True
2_18,2_22,97.5046650166916,False
2_18,2_24,498.184632232395,False
2_18,2_32,404.875005358645,False
2_19,2_20,110.520863298845,False
2_19,2_21,215.78065946278,False
2_20,2_21,147.413783297214,False
2_20,2_33,497.036031643545,False
2_20,2_34,394.085898774434,False
2_20,2_24,397.233163595956,False
2_21,2_22,187.041585824595,False
2_21,2_23,62.2149855584457,False
2_22,2_23,241.469373837815,False
2_23,2_24,191.331927531611,False
2_24,2_32,541.628527377067,False
2_24,5_61,146.14970884641,True
2_27,2_29,338.073963860364,False
2_27,2_30,188.09818830726,False
2_27,2_31,354.700009890811,False
2_27,2_32,178.843592960662,False
2_27,2_34,277.050167804304,False
2_29,2_30,185.26390534972,False
2_29,2_31,601.985096032852,False
2_29,4_49,75.7660503558762,True
2_31,3_37,153.931131214778,True
2_33,2_35,504.703720647555,False
2_33,4_57,555.054407651442,True
2_34,2_35,273.57298904918,False
2_34,5_64,114.330717263717,True
2_35,3_41,604.448215425229,True
2_35,4_54,338.632914691228,True
3_36,3_37,124.709885912724,False
3_36,3_38,119.630554189295,False
3_36,3_46,142.217871927249,False
3_36,5_62,64.9391746357608,True
3_37,3_38,124.30576397642,False
3_38,3_39,191.439060483216,False
3_38,3_40,198.324008838184,False
3_38,3_45,140.057986074248,False
3_39,3_40,80.6489716806713,False
3_39,3_46,108.596887777446,False
3_39,3_48,199.222056876078,False
3_40,3_41,233.561221502951,False
3_40,3_45,68.8852383955776,False
3_40,3_48,182.707062026908,False
3_41,3_42,186.753127167734,False
3_41,3_45,266.561602352652,False
3_41,3_47,155.485839053492,False
3_42,3_47,181.377187431226,False
3_47,3_48,140.117181202027,False
4_49,4_51,92.5888838451124,False
4_49,4_53,143.356997264994,False
4_50,4_58,208.396664734999,False
4_50,4_53,157.821552583903,False
4_51,4_55,472.227351798503,False
4_51,4_57,297.517943605969,False
4_52,4_57,302.072227883406,False
4_52,4_54,302.957525174701,False
4_53,4_57,273.74533257659,False
4_53,4_54,254.834538392448,False
4_54,4_57,504.042882560593,False
4_55,4_57,486.911562604414,False
4_55,4_58,343.519926441526,False
4_57,4_58,161.320321664739,False
5_59,5_60,78.1876918183116,False
5_59,5_61,173.299027353533,False
5_59,5_64,51.4991282836838,False
5_59,5_62,184.232238003794,False
5_59,5_63,56.8887297698119,False
5_60,5_65,68.87830574744,False
5_60,5_62,152.365858406999,False
5_60,5_61,95.4139547509019,False
5_61,5_65,74.3956230986784,False
5_61,5_62,152.803658553317,False
5_61,5_63,129.198989560499,False
